Name,Type 1,Type 2,HP,Attack,Defense,Sp. Atk,Sp. Def,Speed,Generation,Legendary
Bulbasaur,Grass,Poison,45,49,49,65,65,45,1,0
Ivysaur,Grass,Poison,60,62,63,80,80,60,1,0
Venusaur,Grass,Poison,80,82,83,100,100,80,1,0
VenusaurMega Venusaur,Grass,Poison,80,100,123,122,120,80,1,0
Charmander,Fire,,39,52,43,60,50,65,1,0
Charmeleon,Fire,,58,64,58,80,65,80,1,0
Charizard,Fire,Flying,78,84,78,109,85,100,1,0
CharizardMega Charizard X,Fire,Dragon,78,130,111,130,85,100,1,0
CharizardMega Charizard Y,Fire,Flying,78,104,78,159,115,100,1,0
Squirtle,Water,,44,48,65,50,64,43,1,0
Wartortle,Water,,59,63,80,65,80,58,1,0
Blastoise,Water,,79,83,100,85,105,78,1,0
BlastoiseMega Blastoise,Water,,79,103,120,135,115,78,1,0
Caterpie,Bug,,45,30,35,20,20,45,1,0
Metapod,Bug,,50,20,55,25,25,30,1,0
Butterfree,Bug,Flying,60,45,50,90,80,70,1,0
Weedle,Bug,Poison,40,35,30,20,20,50,1,0
Kakuna,Bug,Poison,45,25,50,25,25,35,1,0
Beedrill,Bug,Poison,65,90,40,45,80,75,1,0
BeedrillMega Beedrill,Bug,Poison,65,150,40,15,80,145,1,0
Pidgey,Normal,Flying,40,45,40,35,35,56,1,0
Pidgeotto,Normal,Flying,63,60,55,50,50,71,1,0
Pidgeot,Normal,Flying,83,80,75,70,70,101,1,0
PidgeotMega Pidgeot,Normal,Flying,83,80,80,135,80,121,1,0
Rattata,Normal,,30,56,35,25,35,72,1,0
Raticate,Normal,,55,81,60,50,70,97,1,0
Spearow,Normal,Flying,40,60,30,31,31,70,1,0
Fearow,Normal,Flying,65,90,65,61,61,100,1,0
Ekans,Poison,,35,60,44,40,54,55,1,0
Arbok,Poison,,60,85,69,65,79,80,1,0
Pikachu,Electric,,35,55,40,50,50,90,1,0
Raichu,Electric,,60,90,55,90,80,110,1,0
Sandshrew,Ground,,50,75,85,20,30,40,1,0
Sandslash,Ground,,75,100,110,45,55,65,1,0
Nidoran (Female),Poison,,55,47,52,40,40,41,1,0
Nidorina,Poison,,70,62,67,55,55,56,1,0
Nidoqueen,Poison,Ground,90,92,87,75,85,76,1,0
Nidoran (Male),Poison,,46,57,40,40,40,50,1,0
Nidorino,Poison,,61,72,57,55,55,65,1,0
Nidoking,Poison,Ground,81,102,77,85,75,85,1,0
Clefairy,Fairy,,70,45,48,60,65,35,1,0
Clefable,Fairy,,95,70,73,95,90,60,1,0
Vulpix,Fire,,38,41,40,50,65,65,1,0
Ninetales,Fire,,73,76,75,81,100,100,1,0
Jigglypuff,Normal,Fairy,115,45,20,45,25,20,1,0
Wigglytuff,Normal,Fairy,140,70,45,85,50,45,1,0
Zubat,Poison,Flying,40,45,35,30,40,55,1,0
Golbat,Poison,Flying,75,80,70,65,75,90,1,0
Oddish,Grass,Poison,45,50,55,75,65,30,1,0
Gloom,Grass,Poison,60,65,70,85,75,40,1,0
Vileplume,Grass,Poison,75,80,85,110,90,50,1,0
Paras,Bug,Grass,35,70,55,45,55,25,1,0
Parasect,Bug,Grass,60,95,80,60,80,30,1,0
Venonat,Bug,Poison,60,55,50,40,55,45,1,0
Venomoth,Bug,Poison,70,65,60,90,75,90,1,0
Diglett,Ground,,10,55,25,35,45,95,1,0
Dugtrio,Ground,,35,80,50,50,70,120,1,0
Meowth,Normal,,40,45,35,40,40,90,1,0
Persian,Normal,,65,70,60,65,65,115,1,0
Psyduck,Water,,50,52,48,65,50,55,1,0
Golduck,Water,,80,82,78,95,80,85,1,0
Mankey,Fighting,,40,80,35,35,45,70,1,0
Primeape,Fighting,,65,105,60,60,70,95,1,0
Growlithe,Fire,,55,70,45,70,50,60,1,0
Arcanine,Fire,,90,110,80,100,80,95,1,0
Poliwag,Water,,40,50,40,40,40,90,1,0
Poliwhirl,Water,,65,65,65,50,50,90,1,0
Poliwrath,Water,Fighting,90,95,95,70,90,70,1,0
Abra,Psychic,,25,20,15,105,55,90,1,0
Kadabra,Psychic,,40,35,30,120,70,105,1,0
Alakazam,Psychic,,55,50,45,135,95,120,1,0
AlakazamMega Alakazam,Psychic,,55,50,65,175,95,150,1,0
Machop,Fighting,,70,80,50,35,35,35,1,0
Machoke,Fighting,,80,100,70,50,60,45,1,0
Machamp,Fighting,,90,130,80,65,85,55,1,0
Bellsprout,Grass,Poison,50,75,35,70,30,40,1,0
Weepinbell,Grass,Poison,65,90,50,85,45,55,1,0
Victreebel,Grass,Poison,80,105,65,100,70,70,1,0
Tentacool,Water,Poison,40,40,35,50,100,70,1,0
Tentacruel,Water,Poison,80,70,65,80,120,100,1,0
Geodude,Rock,Ground,40,80,100,30,30,20,1,0
Graveler,Rock,Ground,55,95,115,45,45,35,1,0
Golem,Rock,Ground,80,120,130,55,65,45,1,0
Ponyta,Fire,,50,85,55,65,65,90,1,0
Rapidash,Fire,,65,100,70,80,80,105,1,0
Slowpoke,Water,Psychic,90,65,65,40,40,15,1,0
Slowbro,Water,Psychic,95,75,110,100,80,30,1,0
SlowbroMega Slowbro,Water,Psychic,95,75,180,130,80,30,1,0
Magnemite,Electric,Steel,25,35,70,95,55,45,1,0
Magneton,Electric,Steel,50,60,95,120,70,70,1,0
Farfetch'd,Normal,Flying,52,65,55,58,62,60,1,0
Doduo,Normal,Flying,35,85,45,35,35,75,1,0
Dodrio,Normal,Flying,60,110,70,60,60,100,1,0
Seel,Water,,65,45,55,45,70,45,1,0
Dewgong,Water,Ice,90,70,80,70,95,70,1,0
Grimer,Poison,,80,80,50,40,50,25,1,0
Muk,Poison,,105,105,75,65,100,50,1,0
Shellder,Water,,30,65,100,45,25,40,1,0
Cloyster,Water,Ice,50,95,180,85,45,70,1,0
Gastly,Ghost,Poison,30,35,30,100,35,80,1,0
Haunter,Ghost,Poison,45,50,45,115,55,95,1,0
Gengar,Ghost,Poison,60,65,60,130,75,110,1,0
GengarMega Gengar,Ghost,Poison,60,65,80,170,95,130,1,0
Onix,Rock,Ground,35,45,160,30,45,70,1,0
Drowzee,Psychic,,60,48,45,43,90,42,1,0
Hypno,Psychic,,85,73,70,73,115,67,1,0
Krabby,Water,,30,105,90,25,25,50,1,0
Kingler,Water,,55,130,115,50,50,75,1,0
Voltorb,Electric,,40,30,50,55,55,100,1,0
Electrode,Electric,,60,50,70,80,80,140,1,0
Exeggcute,Grass,Psychic,60,40,80,60,45,40,1,0
Exeggutor,Grass,Psychic,95,95,85,125,65,55,1,0
Cubone,Ground,,50,50,95,40,50,35,1,0
Marowak,Ground,,60,80,110,50,80,45,1,0
Hitmonlee,Fighting,,50,120,53,35,110,87,1,0
Hitmonchan,Fighting,,50,105,79,35,110,76,1,0
Lickitung,Normal,,90,55,75,60,75,30,1,0
Koffing,Poison,,40,65,95,60,45,35,1,0
Weezing,Poison,,65,90,120,85,70,60,1,0
Rhyhorn,Ground,Rock,80,85,95,30,30,25,1,0
Rhydon,Ground,Rock,105,130,120,45,45,40,1,0
Chansey,Normal,,250,5,5,35,105,50,1,0
Tangela,Grass,,65,55,115,100,40,60,1,0
Kangaskhan,Normal,,105,95,80,40,80,90,1,0
KangaskhanMega Kangaskhan,Normal,,105,125,100,60,100,100,1,0
Horsea,Water,,30,40,70,70,25,60,1,0
Seadra,Water,,55,65,95,95,45,85,1,0
Goldeen,Water,,45,67,60,35,50,63,1,0
Seaking,Water,,80,92,65,65,80,68,1,0
Staryu,Water,,30,45,55,70,55,85,1,0
Starmie,Water,Psychic,60,75,85,100,85,115,1,0
Mr. Mime,Psychic,Fairy,40,45,65,100,120,90,1,0
Scyther,Bug,Flying,70,110,80,55,80,105,1,0
Jynx,Ice,Psychic,65,50,35,115,95,95,1,0
Electabuzz,Electric,,65,83,57,95,85,105,1,0
Magmar,Fire,,65,95,57,100,85,93,1,0
Pinsir,Bug,,65,125,100,55,70,85,1,0
PinsirMega Pinsir,Bug,Flying,65,155,120,65,90,105,1,0
Tauros,Normal,,75,100,95,40,70,110,1,0
Magikarp,Water,,20,10,55,15,20,80,1,0
Gyarados,Water,Flying,95,125,79,60,100,81,1,0
GyaradosMega Gyarados,Water,Dark,95,155,109,70,130,81,1,0
Lapras,Water,Ice,130,85,80,85,95,60,1,0
Ditto,Normal,,48,48,48,48,48,48,1,0
Eevee,Normal,,55,55,50,45,65,55,1,0
Vaporeon,Water,,130,65,60,110,95,65,1,0
Jolteon,Electric,,65,65,60,110,95,130,1,0
Flareon,Fire,,65,130,60,95,110,65,1,0
Porygon,Normal,,65,60,70,85,75,40,1,0
Omanyte,Rock,Water,35,40,100,90,55,35,1,0
Omastar,Rock,Water,70,60,125,115,70,55,1,0
Kabuto,Rock,Water,30,80,90,55,45,55,1,0
Kabutops,Rock,Water,60,115,105,65,70,80,1,0
Aerodactyl,Rock,Flying,80,105,65,60,75,130,1,0
AerodactylMega Aerodactyl,Rock,Flying,80,135,85,70,95,150,1,0
Snorlax,Normal,,160,110,65,65,110,30,1,0
Articuno,Ice,Flying,90,85,100,95,125,85,1,1
Zapdos,Electric,Flying,90,90,85,125,90,100,1,1
Moltres,Fire,Flying,90,100,90,125,85,90,1,1
Dratini,Dragon,,41,64,45,50,50,50,1,0
Dragonair,Dragon,,61,84,65,70,70,70,1,0
Dragonite,Dragon,Flying,91,134,95,100,100,80,1,0
Mewtwo,Psychic,,106,110,90,154,90,130,1,1
MewtwoMega Mewtwo X,Psychic,Fighting,106,190,100,154,100,130,1,1
MewtwoMega Mewtwo Y,Psychic,,106,150,70,194,120,140,1,1
Mew,Psychic,,100,100,100,100,100,100,1,0
Chikorita,Grass,,45,49,65,49,65,45,2,0
Bayleef,Grass,,60,62,80,63,80,60,2,0
Meganium,Grass,,80,82,100,83,100,80,2,0
Cyndaquil,Fire,,39,52,43,60,50,65,2,0
Quilava,Fire,,58,64,58,80,65,80,2,0
Typhlosion,Fire,,78,84,78,109,85,100,2,0
Totodile,Water,,50,65,64,44,48,43,2,0
Croconaw,Water,,65,80,80,59,63,58,2,0
Feraligatr,Water,,85,105,100,79,83,78,2,0
Sentret,Normal,,35,46,34,35,45,20,2,0
Furret,Normal,,85,76,64,45,55,90,2,0
Hoothoot,Normal,Flying,60,30,30,36,56,50,2,0
Noctowl,Normal,Flying,100,50,50,76,96,70,2,0
Ledyba,Bug,Flying,40,20,30,40,80,55,2,0
Ledian,Bug,Flying,55,35,50,55,110,85,2,0
Spinarak,Bug,Poison,40,60,40,40,40,30,2,0
Ariados,Bug,Poison,70,90,70,60,60,40,2,0
Crobat,Poison,Flying,85,90,80,70,80,130,2,0
Chinchou,Water,Electric,75,38,38,56,56,67,2,0
Lanturn,Water,Electric,125,58,58,76,76,67,2,0
Pichu,Electric,,20,40,15,35,35,60,2,0
Cleffa,Fairy,,50,25,28,45,55,15,2,0
Igglybuff,Normal,Fairy,90,30,15,40,20,15,2,0
Togepi,Fairy,,35,20,65,40,65,20,2,0
Togetic,Fairy,Flying,55,40,85,80,105,40,2,0
Natu,Psychic,Flying,40,50,45,70,45,70,2,0
Xatu,Psychic,Flying,65,75,70,95,70,95,2,0
Mareep,Electric,,55,40,40,65,45,35,2,0
Flaaffy,Electric,,70,55,55,80,60,45,2,0
Ampharos,Electric,,90,75,85,115,90,55,2,0
AmpharosMega Ampharos,Electric,Dragon,90,95,105,165,110,45,2,0
Bellossom,Grass,,75,80,95,90,100,50,2,0
Marill,Water,Fairy,70,20,50,20,50,40,2,0
Azumarill,Water,Fairy,100,50,80,60,80,50,2,0
Sudowoodo,Rock,,70,100,115,30,65,30,2,0
Politoed,Water,,90,75,75,90,100,70,2,0
Hoppip,Grass,Flying,35,35,40,35,55,50,2,0
Skiploom,Grass,Flying,55,45,50,45,65,80,2,0
Jumpluff,Grass,Flying,75,55,70,55,95,110,2,0
Aipom,Normal,,55,70,55,40,55,85,2,0
Sunkern,Grass,,30,30,30,30,30,30,2,0
Sunflora,Grass,,75,75,55,105,85,30,2,0
Yanma,Bug,Flying,65,65,45,75,45,95,2,0
Wooper,Water,Ground,55,45,45,25,25,15,2,0
Quagsire,Water,Ground,95,85,85,65,65,35,2,0
Espeon,Psychic,,65,65,60,130,95,110,2,0
Umbreon,Dark,,95,65,110,60,130,65,2,0
Murkrow,Dark,Flying,60,85,42,85,42,91,2,0
Slowking,Water,Psychic,95,75,80,100,110,30,2,0
Misdreavus,Ghost,,60,60,60,85,85,85,2,0
Unown,Psychic,,48,72,48,72,48,48,2,0
Wobbuffet,Psychic,,190,33,58,33,58,33,2,0
Girafarig,Normal,Psychic,70,80,65,90,65,85,2,0
Pineco,Bug,,50,65,90,35,35,15,2,0
Forretress,Bug,Steel,75,90,140,60,60,40,2,0
Dunsparce,Normal,,100,70,70,65,65,45,2,0
Gligar,Ground,Flying,65,75,105,35,65,85,2,0
Steelix,Steel,Ground,75,85,200,55,65,30,2,0
SteelixMega Steelix,Steel,Ground,75,125,230,55,95,30,2,0
Snubbull,Fairy,,60,80,50,40,40,30,2,0
Granbull,Fairy,,90,120,75,60,60,45,2,0
Qwilfish,Water,Poison,65,95,75,55,55,85,2,0
Scizor,Bug,Steel,70,130,100,55,80,65,2,0
ScizorMega Scizor,Bug,Steel,70,150,140,65,100,75,2,0
Shuckle,Bug,Rock,20,10,230,10,230,5,2,0
Heracross,Bug,Fighting,80,125,75,40,95,85,2,0
HeracrossMega Heracross,Bug,Fighting,80,185,115,40,105,75,2,0
Sneasel,Dark,Ice,55,95,55,35,75,115,2,0
Teddiursa,Normal,,60,80,50,50,50,40,2,0
Ursaring,Normal,,90,130,75,75,75,55,2,0
Slugma,Fire,,40,40,40,70,40,20,2,0
Magcargo,Fire,Rock,50,50,120,80,80,30,2,0
Swinub,Ice,Ground,50,50,40,30,30,50,2,0
Piloswine,Ice,Ground,100,100,80,60,60,50,2,0
Corsola,Water,Rock,55,55,85,65,85,35,2,0
Remoraid,Water,,35,65,35,65,35,65,2,0
Octillery,Water,,75,105,75,105,75,45,2,0
Delibird,Ice,Flying,45,55,45,65,45,75,2,0
Mantine,Water,Flying,65,40,70,80,140,70,2,0
Skarmory,Steel,Flying,65,80,140,40,70,70,2,0
Houndour,Dark,Fire,45,60,30,80,50,65,2,0
Houndoom,Dark,Fire,75,90,50,110,80,95,2,0
HoundoomMega Houndoom,Dark,Fire,75,90,90,140,90,115,2,0
Kingdra,Water,Dragon,75,95,95,95,95,85,2,0
Phanpy,Ground,,90,60,60,40,40,40,2,0
Donphan,Ground,,90,120,120,60,60,50,2,0
Porygon2,Normal,,85,80,90,105,95,60,2,0
Stantler,Normal,,73,95,62,85,65,85,2,0
Smeargle,Normal,,55,20,35,20,45,75,2,0
Tyrogue,Fighting,,35,35,35,35,35,35,2,0
Hitmontop,Fighting,,50,95,95,35,110,70,2,0
Smoochum,Ice,Psychic,45,30,15,85,65,65,2,0
Elekid,Electric,,45,63,37,65,55,95,2,0
Magby,Fire,,45,75,37,70,55,83,2,0
Miltank,Normal,,95,80,105,40,70,100,2,0
Blissey,Normal,,255,10,10,75,135,55,2,0
Raikou,Electric,,90,85,75,115,100,115,2,1
Entei,Fire,,115,115,85,90,75,100,2,1
Suicune,Water,,100,75,115,90,115,85,2,1
Larvitar,Rock,Ground,50,64,50,45,50,41,2,0
Pupitar,Rock,Ground,70,84,70,65,70,51,2,0
Tyranitar,Rock,Dark,100,134,110,95,100,61,2,0
TyranitarMega Tyranitar,Rock,Dark,100,164,150,95,120,71,2,0
Lugia,Psychic,Flying,106,90,130,90,154,110,2,1
Ho-oh,Fire,Flying,106,130,90,110,154,90,2,1
Celebi,Psychic,Grass,100,100,100,100,100,100,2,0
Treecko,Grass,,40,45,35,65,55,70,3,0
Grovyle,Grass,,50,65,45,85,65,95,3,0
Sceptile,Grass,,70,85,65,105,85,120,3,0
SceptileMega Sceptile,Grass,Dragon,70,110,75,145,85,145,3,0
Torchic,Fire,,45,60,40,70,50,45,3,0
Combusken,Fire,Fighting,60,85,60,85,60,55,3,0
Blaziken,Fire,Fighting,80,120,70,110,70,80,3,0
BlazikenMega Blaziken,Fire,Fighting,80,160,80,130,80,100,3,0
Mudkip,Water,,50,70,50,50,50,40,3,0
Marshtomp,Water,Ground,70,85,70,60,70,50,3,0
Swampert,Water,Ground,100,110,90,85,90,60,3,0
SwampertMega Swampert,Water,Ground,100,150,110,95,110,70,3,0
Poochyena,Dark,,35,55,35,30,30,35,3,0
Mightyena,Dark,,70,90,70,60,60,70,3,0
Zigzagoon,Normal,,38,30,41,30,41,60,3,0
Linoone,Normal,,78,70,61,50,61,100,3,0
Wurmple,Bug,,45,45,35,20,30,20,3,0
Silcoon,Bug,,50,35,55,25,25,15,3,0
Beautifly,Bug,Flying,60,70,50,100,50,65,3,0
Cascoon,Bug,,50,35,55,25,25,15,3,0
Dustox,Bug,Poison,60,50,70,50,90,65,3,0
Lotad,Water,Grass,40,30,30,40,50,30,3,0
Lombre,Water,Grass,60,50,50,60,70,50,3,0
Ludicolo,Water,Grass,80,70,70,90,100,70,3,0
Seedot,Grass,,40,40,50,30,30,30,3,0
Nuzleaf,Grass,Dark,70,70,40,60,40,60,3,0
Shiftry,Grass,Dark,90,100,60,90,60,80,3,0
Taillow,Normal,Flying,40,55,30,30,30,85,3,0
Swellow,Normal,Flying,60,85,60,50,50,125,3,0
Wingull,Water,Flying,40,30,30,55,30,85,3,0
Pelipper,Water,Flying,60,50,100,85,70,65,3,0
Ralts,Psychic,Fairy,28,25,25,45,35,40,3,0
Kirlia,Psychic,Fairy,38,35,35,65,55,50,3,0
Gardevoir,Psychic,Fairy,68,65,65,125,115,80,3,0
GardevoirMega Gardevoir,Psychic,Fairy,68,85,65,165,135,100,3,0
Surskit,Bug,Water,40,30,32,50,52,65,3,0
Masquerain,Bug,Flying,70,60,62,80,82,60,3,0
Shroomish,Grass,,60,40,60,40,60,35,3,0
Breloom,Grass,Fighting,60,130,80,60,60,70,3,0
Slakoth,Normal,,60,60,60,35,35,30,3,0
Vigoroth,Normal,,80,80,80,55,55,90,3,0
Slaking,Normal,,150,160,100,95,65,100,3,0
Nincada,Bug,Ground,31,45,90,30,30,40,3,0
Ninjask,Bug,Flying,61,90,45,50,50,160,3,0
Shedinja,Bug,Ghost,1,90,45,30,30,40,3,0
Whismur,Normal,,64,51,23,51,23,28,3,0
Loudred,Normal,,84,71,43,71,43,48,3,0
Exploud,Normal,,104,91,63,91,73,68,3,0
Makuhita,Fighting,,72,60,30,20,30,25,3,0
Hariyama,Fighting,,144,120,60,40,60,50,3,0
Azurill,Normal,Fairy,50,20,40,20,40,20,3,0
Nosepass,Rock,,30,45,135,45,90,30,3,0
Skitty,Normal,,50,45,45,35,35,50,3,0
Delcatty,Normal,,70,65,65,55,55,70,3,0
Sableye,Dark,Ghost,50,75,75,65,65,50,3,0
SableyeMega Sableye,Dark,Ghost,50,85,125,85,115,20,3,0
Mawile,Steel,Fairy,50,85,85,55,55,50,3,0
MawileMega Mawile,Steel,Fairy,50,105,125,55,95,50,3,0
Aron,Steel,Rock,50,70,100,40,40,30,3,0
Lairon,Steel,Rock,60,90,140,50,50,40,3,0
Aggron,Steel,Rock,70,110,180,60,60,50,3,0
AggronMega Aggron,Steel,,70,140,230,60,80,50,3,0
Meditite,Fighting,Psychic,30,40,55,40,55,60,3,0
Medicham,Fighting,Psychic,60,60,75,60,75,80,3,0
MedichamMega Medicham,Fighting,Psychic,60,100,85,80,85,100,3,0
Electrike,Electric,,40,45,40,65,40,65,3,0
Manectric,Electric,,70,75,60,105,60,105,3,0
ManectricMega Manectric,Electric,,70,75,80,135,80,135,3,0
Plusle,Electric,,60,50,40,85,75,95,3,0
Minun,Electric,,60,40,50,75,85,95,3,0
Volbeat,Bug,,65,73,55,47,75,85,3,0
Illumise,Bug,,65,47,55,73,75,85,3,0
Roselia,Grass,Poison,50,60,45,100,80,65,3,0
Gulpin,Poison,,70,43,53,43,53,40,3,0
Swalot,Poison,,100,73,83,73,83,55,3,0
Carvanha,Water,Dark,45,90,20,65,20,65,3,0
Sharpedo,Water,Dark,70,120,40,95,40,95,3,0
SharpedoMega Sharpedo,Water,Dark,70,140,70,110,65,105,3,0
Wailmer,Water,,130,70,35,70,35,60,3,0
Wailord,Water,,170,90,45,90,45,60,3,0
Numel,Fire,Ground,60,60,40,65,45,35,3,0
Camerupt,Fire,Ground,70,100,70,105,75,40,3,0
CameruptMega Camerupt,Fire,Ground,70,120,100,145,105,20,3,0
Torkoal,Fire,,70,85,140,85,70,20,3,0
Spoink,Psychic,,60,25,35,70,80,60,3,0
Grumpig,Psychic,,80,45,65,90,110,80,3,0
Spinda,Normal,,60,60,60,60,60,60,3,0
Trapinch,Ground,,45,100,45,45,45,10,3,0
Vibrava,Ground,Dragon,50,70,50,50,50,70,3,0
Flygon,Ground,Dragon,80,100,80,80,80,100,3,0
Cacnea,Grass,,50,85,40,85,40,35,3,0
Cacturne,Grass,Dark,70,115,60,115,60,55,3,0
Swablu,Normal,Flying,45,40,60,40,75,50,3,0
Altaria,Dragon,Flying,75,70,90,70,105,80,3,0
AltariaMega Altaria,Dragon,Fairy,75,110,110,110,105,80,3,0
Zangoose,Normal,,73,115,60,60,60,90,3,0
Seviper,Poison,,73,100,60,100,60,65,3,0
Lunatone,Rock,Psychic,70,55,65,95,85,70,3,0
Solrock,Rock,Psychic,70,95,85,55,65,70,3,0
Barboach,Water,Ground,50,48,43,46,41,60,3,0
Whiscash,Water,Ground,110,78,73,76,71,60,3,0
Corphish,Water,,43,80,65,50,35,35,3,0
Crawdaunt,Water,Dark,63,120,85,90,55,55,3,0
Baltoy,Ground,Psychic,40,40,55,40,70,55,3,0
Claydol,Ground,Psychic,60,70,105,70,120,75,3,0
Lileep,Rock,Grass,66,41,77,61,87,23,3,0
Cradily,Rock,Grass,86,81,97,81,107,43,3,0
Anorith,Rock,Bug,45,95,50,40,50,75,3,0
Armaldo,Rock,Bug,75,125,100,70,80,45,3,0
Feebas,Water,,20,15,20,10,55,80,3,0
Milotic,Water,,95,60,79,100,125,81,3,0
Castform,Normal,,70,70,70,70,70,70,3,0
Kecleon,Normal,,60,90,70,60,120,40,3,0
Shuppet,Ghost,,44,75,35,63,33,45,3,0
Banette,Ghost,,64,115,65,83,63,65,3,0
BanetteMega Banette,Ghost,,64,165,75,93,83,75,3,0
Duskull,Ghost,,20,40,90,30,90,25,3,0
Dusclops,Ghost,,40,70,130,60,130,25,3,0
Tropius,Grass,Flying,99,68,83,72,87,51,3,0
Chimecho,Psychic,,65,50,70,95,80,65,3,0
Absol,Dark,,65,130,60,75,60,75,3,0
AbsolMega Absol,Dark,,65,150,60,115,60,115,3,0
Wynaut,Psychic,,95,23,48,23,48,23,3,0
Snorunt,Ice,,50,50,50,50,50,50,3,0
Glalie,Ice,,80,80,80,80,80,80,3,0
GlalieMega Glalie,Ice,,80,120,80,120,80,100,3,0
Spheal,Ice,Water,70,40,50,55,50,25,3,0
Sealeo,Ice,Water,90,60,70,75,70,45,3,0
Walrein,Ice,Water,110,80,90,95,90,65,3,0
Clamperl,Water,,35,64,85,74,55,32,3,0
Huntail,Water,,55,104,105,94,75,52,3,0
Gorebyss,Water,,55,84,105,114,75,52,3,0
Relicanth,Water,Rock,100,90,130,45,65,55,3,0
Luvdisc,Water,,43,30,55,40,65,97,3,0
Bagon,Dragon,,45,75,60,40,30,50,3,0
Shelgon,Dragon,,65,95,100,60,50,50,3,0
Salamence,Dragon,Flying,95,135,80,110,80,100,3,0
SalamenceMega Salamence,Dragon,Flying,95,145,130,120,90,120,3,0
Beldum,Steel,Psychic,40,55,80,35,60,30,3,0
Metang,Steel,Psychic,60,75,100,55,80,50,3,0
Metagross,Steel,Psychic,80,135,130,95,90,70,3,0
MetagrossMega Metagross,Steel,Psychic,80,145,150,105,110,110,3,0
Regirock,Rock,,80,100,200,50,100,50,3,1
Regice,Ice,,80,50,100,100,200,50,3,1
Registeel,Steel,,80,75,150,75,150,50,3,1
Latias,Dragon,Psychic,80,80,90,110,130,110,3,1
LatiasMega Latias,Dragon,Psychic,80,100,120,140,150,110,3,1
Latios,Dragon,Psychic,80,90,80,130,110,110,3,1
LatiosMega Latios,Dragon,Psychic,80,130,100,160,120,110,3,1
Kyogre,Water,,100,100,90,150,140,90,3,1
KyogrePrimal Kyogre,Water,,100,150,90,180,160,90,3,1
Groudon,Ground,,100,150,140,100,90,90,3,1
GroudonPrimal Groudon,Ground,Fire,100,180,160,150,90,90,3,1
Rayquaza,Dragon,Flying,105,150,90,150,90,95,3,1
RayquazaMega Rayquaza,Dragon,Flying,105,180,100,180,100,115,3,1
Jirachi,Steel,Psychic,100,100,100,100,100,100,3,1
DeoxysNormal Forme,Psychic,,50,150,50,150,50,150,3,1
DeoxysAttack Forme,Psychic,,50,180,20,180,20,150,3,1
DeoxysDefense Forme,Psychic,,50,70,160,70,160,90,3,1
DeoxysSpeed Forme,Psychic,,50,95,90,95,90,180,3,1
Turtwig,Grass,,55,68,64,45,55,31,4,0
Grotle,Grass,,75,89,85,55,65,36,4,0
Torterra,Grass,Ground,95,109,105,75,85,56,4,0
Chimchar,Fire,,44,58,44,58,44,61,4,0
Monferno,Fire,Fighting,64,78,52,78,52,81,4,0
Infernape,Fire,Fighting,76,104,71,104,71,108,4,0
Piplup,Water,,53,51,53,61,56,40,4,0
Prinplup,Water,,64,66,68,81,76,50,4,0
Empoleon,Water,Steel,84,86,88,111,101,60,4,0
Starly,Normal,Flying,40,55,30,30,30,60,4,0
Staravia,Normal,Flying,55,75,50,40,40,80,4,0
Staraptor,Normal,Flying,85,120,70,50,60,100,4,0
Bidoof,Normal,,59,45,40,35,40,31,4,0
Bibarel,Normal,Water,79,85,60,55,60,71,4,0
Kricketot,Bug,,37,25,41,25,41,25,4,0
Kricketune,Bug,,77,85,51,55,51,65,4,0
Shinx,Electric,,45,65,34,40,34,45,4,0
Luxio,Electric,,60,85,49,60,49,60,4,0
Luxray,Electric,,80,120,79,95,79,70,4,0
Budew,Grass,Poison,40,30,35,50,70,55,4,0
Roserade,Grass,Poison,60,70,65,125,105,90,4,0
Cranidos,Rock,,67,125,40,30,30,58,4,0
Rampardos,Rock,,97,165,60,65,50,58,4,0
Shieldon,Rock,Steel,30,42,118,42,88,30,4,0
Bastiodon,Rock,Steel,60,52,168,47,138,30,4,0
Burmy,Bug,,40,29,45,29,45,36,4,0
WormadamPlant Cloak,Bug,Grass,60,59,85,79,105,36,4,0
WormadamSandy Cloak,Bug,Ground,60,79,105,59,85,36,4,0
WormadamTrash Cloak,Bug,Steel,60,69,95,69,95,36,4,0
Mothim,Bug,Flying,70,94,50,94,50,66,4,0
Combee,Bug,Flying,30,30,42,30,42,70,4,0
Vespiquen,Bug,Flying,70,80,102,80,102,40,4,0
Pachirisu,Electric,,60,45,70,45,90,95,4,0
Buizel,Water,,55,65,35,60,30,85,4,0
Floatzel,Water,,85,105,55,85,50,115,4,0
Cherubi,Grass,,45,35,45,62,53,35,4,0
Cherrim,Grass,,70,60,70,87,78,85,4,0
Shellos,Water,,76,48,48,57,62,34,4,0
Gastrodon,Water,Ground,111,83,68,92,82,39,4,0
Ambipom,Normal,,75,100,66,60,66,115,4,0
Drifloon,Ghost,Flying,90,50,34,60,44,70,4,0
Drifblim,Ghost,Flying,150,80,44,90,54,80,4,0
Buneary,Normal,,55,66,44,44,56,85,4,0
Lopunny,Normal,,65,76,84,54,96,105,4,0
LopunnyMega Lopunny,Normal,Fighting,65,136,94,54,96,135,4,0
Mismagius,Ghost,,60,60,60,105,105,105,4,0
Honchkrow,Dark,Flying,100,125,52,105,52,71,4,0
Glameow,Normal,,49,55,42,42,37,85,4,0
Purugly,Normal,,71,82,64,64,59,112,4,0
Chingling,Psychic,,45,30,50,65,50,45,4,0
Stunky,Poison,Dark,63,63,47,41,41,74,4,0
Skuntank,Poison,Dark,103,93,67,71,61,84,4,0
Bronzor,Steel,Psychic,57,24,86,24,86,23,4,0
Bronzong,Steel,Psychic,67,89,116,79,116,33,4,0
Bonsly,Rock,,50,80,95,10,45,10,4,0
Mime Jr.,Psychic,Fairy,20,25,45,70,90,60,4,0
Happiny,Normal,,100,5,5,15,65,30,4,0
Chatot,Normal,Flying,76,65,45,92,42,91,4,0
Spiritomb,Ghost,Dark,50,92,108,92,108,35,4,0
Gible,Dragon,Ground,58,70,45,40,45,42,4,0
Gabite,Dragon,Ground,68,90,65,50,55,82,4,0
Garchomp,Dragon,Ground,108,130,95,80,85,102,4,0
GarchompMega Garchomp,Dragon,Ground,108,170,115,120,95,92,4,0
Munchlax,Normal,,135,85,40,40,85,5,4,0
Riolu,Fighting,,40,70,40,35,40,60,4,0
Lucario,Fighting,Steel,70,110,70,115,70,90,4,0
LucarioMega Lucario,Fighting,Steel,70,145,88,140,70,112,4,0
Hippopotas,Ground,,68,72,78,38,42,32,4,0
Hippowdon,Ground,,108,112,118,68,72,47,4,0
Skorupi,Poison,Bug,40,50,90,30,55,65,4,0
Drapion,Poison,Dark,70,90,110,60,75,95,4,0
Croagunk,Poison,Fighting,48,61,40,61,40,50,4,0
Toxicroak,Poison,Fighting,83,106,65,86,65,85,4,0
Carnivine,Grass,,74,100,72,90,72,46,4,0
Finneon,Water,,49,49,56,49,61,66,4,0
Lumineon,Water,,69,69,76,69,86,91,4,0
Mantyke,Water,Flying,45,20,50,60,120,50,4,0
Snover,Grass,Ice,60,62,50,62,60,40,4,0
Abomasnow,Grass,Ice,90,92,75,92,85,60,4,0
AbomasnowMega Abomasnow,Grass,Ice,90,132,105,132,105,30,4,0
Weavile,Dark,Ice,70,120,65,45,85,125,4,0
Magnezone,Electric,Steel,70,70,115,130,90,60,4,0
Lickilicky,Normal,,110,85,95,80,95,50,4,0
Rhyperior,Ground,Rock,115,140,130,55,55,40,4,0
Tangrowth,Grass,,100,100,125,110,50,50,4,0
Electivire,Electric,,75,123,67,95,85,95,4,0
Magmortar,Fire,,75,95,67,125,95,83,4,0
Togekiss,Fairy,Flying,85,50,95,120,115,80,4,0
Yanmega,Bug,Flying,86,76,86,116,56,95,4,0
Leafeon,Grass,,65,110,130,60,65,95,4,0
Glaceon,Ice,,65,60,110,130,95,65,4,0
Gliscor,Ground,Flying,75,95,125,45,75,95,4,0
Mamoswine,Ice,Ground,110,130,80,70,60,80,4,0
Porygon-Z,Normal,,85,80,70,135,75,90,4,0
Gallade,Psychic,Fighting,68,125,65,65,115,80,4,0
GalladeMega Gallade,Psychic,Fighting,68,165,95,65,115,110,4,0
Probopass,Rock,Steel,60,55,145,75,150,40,4,0
Dusknoir,Ghost,,45,100,135,65,135,45,4,0
Froslass,Ice,Ghost,70,80,70,80,70,110,4,0
Rotom,Electric,Ghost,50,50,77,95,77,91,4,0
RotomHeat Rotom,Electric,Fire,50,65,107,105,107,86,4,0
RotomWash Rotom,Electric,Water,50,65,107,105,107,86,4,0
RotomFrost Rotom,Electric,Ice,50,65,107,105,107,86,4,0
RotomFan Rotom,Electric,Flying,50,65,107,105,107,86,4,0
RotomMow Rotom,Electric,Grass,50,65,107,105,107,86,4,0
Uxie,Psychic,,75,75,130,75,130,95,4,1
Mesprit,Psychic,,80,105,105,105,105,80,4,1
Azelf,Psychic,,75,125,70,125,70,115,4,1
Dialga,Steel,Dragon,100,120,120,150,100,90,4,1
Palkia,Water,Dragon,90,120,100,150,120,100,4,1
Heatran,Fire,Steel,91,90,106,130,106,77,4,1
Regigigas,Normal,,110,160,110,80,110,100,4,1
GiratinaAltered Forme,Ghost,Dragon,150,100,120,100,120,90,4,1
GiratinaOrigin Forme,Ghost,Dragon,150,120,100,120,100,90,4,1
Cresselia,Psychic,,120,70,120,75,130,85,4,0
Phione,Water,,80,80,80,80,80,80,4,0
Manaphy,Water,,100,100,100,100,100,100,4,0
Darkrai,Dark,,70,90,90,135,90,125,4,1
ShayminLand Forme,Grass,,100,100,100,100,100,100,4,1
ShayminSky Forme,Grass,Flying,100,103,75,120,75,127,4,1
Arceus,Normal,,120,120,120,120,120,120,4,1
Victini,Psychic,Fire,100,100,100,100,100,100,5,1
Snivy,Grass,,45,45,55,45,55,63,5,0
Servine,Grass,,60,60,75,60,75,83,5,0
Serperior,Grass,,75,75,95,75,95,113,5,0
Tepig,Fire,,65,63,45,45,45,45,5,0
Pignite,Fire,Fighting,90,93,55,70,55,55,5,0
Emboar,Fire,Fighting,110,123,65,100,65,65,5,0
Oshawott,Water,,55,55,45,63,45,45,5,0
Dewott,Water,,75,75,60,83,60,60,5,0
Samurott,Water,,95,100,85,108,70,70,5,0
Patrat,Normal,,45,55,39,35,39,42,5,0
Watchog,Normal,,60,85,69,60,69,77,5,0
Lillipup,Normal,,45,60,45,25,45,55,5,0
Herdier,Normal,,65,80,65,35,65,60,5,0
Stoutland,Normal,,85,110,90,45,90,80,5,0
Purrloin,Dark,,41,50,37,50,37,66,5,0
Liepard,Dark,,64,88,50,88,50,106,5,0
Pansage,Grass,,50,53,48,53,48,64,5,0
Simisage,Grass,,75,98,63,98,63,101,5,0
Pansear,Fire,,50,53,48,53,48,64,5,0
Simisear,Fire,,75,98,63,98,63,101,5,0
Panpour,Water,,50,53,48,53,48,64,5,0
Simipour,Water,,75,98,63,98,63,101,5,0
Munna,Psychic,,76,25,45,67,55,24,5,0
Musharna,Psychic,,116,55,85,107,95,29,5,0
Pidove,Normal,Flying,50,55,50,36,30,43,5,0
Tranquill,Normal,Flying,62,77,62,50,42,65,5,0
Unfezant,Normal,Flying,80,115,80,65,55,93,5,0
Blitzle,Electric,,45,60,32,50,32,76,5,0
Zebstrika,Electric,,75,100,63,80,63,116,5,0
Roggenrola,Rock,,55,75,85,25,25,15,5,0
Boldore,Rock,,70,105,105,50,40,20,5,0
Gigalith,Rock,,85,135,130,60,80,25,5,0
Woobat,Psychic,Flying,55,45,43,55,43,72,5,0
Swoobat,Psychic,Flying,67,57,55,77,55,114,5,0
Drilbur,Ground,,60,85,40,30,45,68,5,0
Excadrill,Ground,Steel,110,135,60,50,65,88,5,0
Audino,Normal,,103,60,86,60,86,50,5,0
AudinoMega Audino,Normal,Fairy,103,60,126,80,126,50,5,0
Timburr,Fighting,,75,80,55,25,35,35,5,0
Gurdurr,Fighting,,85,105,85,40,50,40,5,0
Conkeldurr,Fighting,,105,140,95,55,65,45,5,0
Tympole,Water,,50,50,40,50,40,64,5,0
Palpitoad,Water,Ground,75,65,55,65,55,69,5,0
Seismitoad,Water,Ground,105,95,75,85,75,74,5,0
Throh,Fighting,,120,100,85,30,85,45,5,0
Sawk,Fighting,,75,125,75,30,75,85,5,0
Sewaddle,Bug,Grass,45,53,70,40,60,42,5,0
Swadloon,Bug,Grass,55,63,90,50,80,42,5,0
Leavanny,Bug,Grass,75,103,80,70,80,92,5,0
Venipede,Bug,Poison,30,45,59,30,39,57,5,0
Whirlipede,Bug,Poison,40,55,99,40,79,47,5,0
Scolipede,Bug,Poison,60,100,89,55,69,112,5,0
Cottonee,Grass,Fairy,40,27,60,37,50,66,5,0
Whimsicott,Grass,Fairy,60,67,85,77,75,116,5,0
Petilil,Grass,,45,35,50,70,50,30,5,0
Lilligant,Grass,,70,60,75,110,75,90,5,0
Basculin,Water,,70,92,65,80,55,98,5,0
Sandile,Ground,Dark,50,72,35,35,35,65,5,0
Krokorok,Ground,Dark,60,82,45,45,45,74,5,0
Krookodile,Ground,Dark,95,117,80,65,70,92,5,0
Darumaka,Fire,,70,90,45,15,45,50,5,0
DarmanitanStandard Mode,Fire,,105,140,55,30,55,95,5,0
DarmanitanZen Mode,Fire,Psychic,105,30,105,140,105,55,5,0
Maractus,Grass,,75,86,67,106,67,60,5,0
Dwebble,Bug,Rock,50,65,85,35,35,55,5,0
Crustle,Bug,Rock,70,95,125,65,75,45,5,0
Scraggy,Dark,Fighting,50,75,70,35,70,48,5,0
Scrafty,Dark,Fighting,65,90,115,45,115,58,5,0
Sigilyph,Psychic,Flying,72,58,80,103,80,97,5,0
Yamask,Ghost,,38,30,85,55,65,30,5,0
Cofagrigus,Ghost,,58,50,145,95,105,30,5,0
Tirtouga,Water,Rock,54,78,103,53,45,22,5,0
Carracosta,Water,Rock,74,108,133,83,65,32,5,0
Archen,Rock,Flying,55,112,45,74,45,70,5,0
Archeops,Rock,Flying,75,140,65,112,65,110,5,0
Trubbish,Poison,,50,50,62,40,62,65,5,0
Garbodor,Poison,,80,95,82,60,82,75,5,0
Zorua,Dark,,40,65,40,80,40,65,5,0
Zoroark,Dark,,60,105,60,120,60,105,5,0
Minccino,Normal,,55,50,40,40,40,75,5,0
Cinccino,Normal,,75,95,60,65,60,115,5,0
Gothita,Psychic,,45,30,50,55,65,45,5,0
Gothorita,Psychic,,60,45,70,75,85,55,5,0
Gothitelle,Psychic,,70,55,95,95,110,65,5,0
Solosis,Psychic,,45,30,40,105,50,20,5,0
Duosion,Psychic,,65,40,50,125,60,30,5,0
Reuniclus,Psychic,,110,65,75,125,85,30,5,0
Ducklett,Water,Flying,62,44,50,44,50,55,5,0
Swanna,Water,Flying,75,87,63,87,63,98,5,0
Vanillite,Ice,,36,50,50,65,60,44,5,0
Vanillish,Ice,,51,65,65,80,75,59,5,0
Vanilluxe,Ice,,71,95,85,110,95,79,5,0
Deerling,Normal,Grass,60,60,50,40,50,75,5,0
Sawsbuck,Normal,Grass,80,100,70,60,70,95,5,0
Emolga,Electric,Flying,55,75,60,75,60,103,5,0
Karrablast,Bug,,50,75,45,40,45,60,5,0
Escavalier,Bug,Steel,70,135,105,60,105,20,5,0
Foongus,Grass,Poison,69,55,45,55,55,15,5,0
Amoonguss,Grass,Poison,114,85,70,85,80,30,5,0
Frillish,Water,Ghost,55,40,50,65,85,40,5,0
Jellicent,Water,Ghost,100,60,70,85,105,60,5,0
Alomomola,Water,,165,75,80,40,45,65,5,0
Joltik,Bug,Electric,50,47,50,57,50,65,5,0
Galvantula,Bug,Electric,70,77,60,97,60,108,5,0
Ferroseed,Grass,Steel,44,50,91,24,86,10,5,0
Ferrothorn,Grass,Steel,74,94,131,54,116,20,5,0
Klink,Steel,,40,55,70,45,60,30,5,0
Klang,Steel,,60,80,95,70,85,50,5,0
Klinklang,Steel,,60,100,115,70,85,90,5,0
Tynamo,Electric,,35,55,40,45,40,60,5,0
Eelektrik,Electric,,65,85,70,75,70,40,5,0
Eelektross,Electric,,85,115,80,105,80,50,5,0
Elgyem,Psychic,,55,55,55,85,55,30,5,0
Beheeyem,Psychic,,75,75,75,125,95,40,5,0
Litwick,Ghost,Fire,50,30,55,65,55,20,5,0
Lampent,Ghost,Fire,60,40,60,95,60,55,5,0
Chandelure,Ghost,Fire,60,55,90,145,90,80,5,0
Axew,Dragon,,46,87,60,30,40,57,5,0
Fraxure,Dragon,,66,117,70,40,50,67,5,0
Haxorus,Dragon,,76,147,90,60,70,97,5,0
Cubchoo,Ice,,55,70,40,60,40,40,5,0
Beartic,Ice,,95,110,80,70,80,50,5,0
Cryogonal,Ice,,70,50,30,95,135,105,5,0
Shelmet,Bug,,50,40,85,40,65,25,5,0
Accelgor,Bug,,80,70,40,100,60,145,5,0
Stunfisk,Ground,Electric,109,66,84,81,99,32,5,0
Mienfoo,Fighting,,45,85,50,55,50,65,5,0
Mienshao,Fighting,,65,125,60,95,60,105,5,0
Druddigon,Dragon,,77,120,90,60,90,48,5,0
Golett,Ground,Ghost,59,74,50,35,50,35,5,0
Golurk,Ground,Ghost,89,124,80,55,80,55,5,0
Pawniard,Dark,Steel,45,85,70,40,40,60,5,0
Bisharp,Dark,Steel,65,125,100,60,70,70,5,0
Bouffalant,Normal,,95,110,95,40,95,55,5,0
Rufflet,Normal,Flying,70,83,50,37,50,60,5,0
Braviary,Normal,Flying,100,123,75,57,75,80,5,0
Vullaby,Dark,Flying,70,55,75,45,65,60,5,0
Mandibuzz,Dark,Flying,110,65,105,55,95,80,5,0
Heatmor,Fire,,85,97,66,105,66,65,5,0
Durant,Bug,Steel,58,109,112,48,48,109,5,0
Deino,Dark,Dragon,52,65,50,45,50,38,5,0
Zweilous,Dark,Dragon,72,85,70,65,70,58,5,0
Hydreigon,Dark,Dragon,92,105,90,125,90,98,5,0
Larvesta,Bug,Fire,55,85,55,50,55,60,5,0
Volcarona,Bug,Fire,85,60,65,135,105,100,5,0
Cobalion,Steel,Fighting,91,90,129,90,72,108,5,1
Terrakion,Rock,Fighting,91,129,90,72,90,108,5,1
Virizion,Grass,Fighting,91,90,72,90,129,108,5,1
TornadusIncarnate Forme,Flying,,79,115,70,125,80,111,5,1
TornadusTherian Forme,Flying,,79,100,80,110,90,121,5,1
ThundurusIncarnate Forme,Electric,Flying,79,115,70,125,80,111,5,1
ThundurusTherian Forme,Electric,Flying,79,105,70,145,80,101,5,1
Reshiram,Dragon,Fire,100,120,100,150,120,90,5,1
Zekrom,Dragon,Electric,100,150,120,120,100,90,5,1
LandorusIncarnate Forme,Ground,Flying,89,125,90,115,80,101,5,1
LandorusTherian Forme,Ground,Flying,89,145,90,105,80,91,5,1
Kyurem,Dragon,Ice,125,130,90,130,90,95,5,1
KyuremBlack Kyurem,Dragon,Ice,125,170,100,120,90,95,5,1
KyuremWhite Kyurem,Dragon,Ice,125,120,90,170,100,95,5,1
KeldeoOrdinary Forme,Water,Fighting,91,72,90,129,90,108,5,0
KeldeoResolute Forme,Water,Fighting,91,72,90,129,90,108,5,0
MeloettaAria Forme,Normal,Psychic,100,77,77,128,128,90,5,0
MeloettaPirouette Forme,Normal,Fighting,100,128,90,77,77,128,5,0
Genesect,Bug,Steel,71,120,95,120,95,99,5,0
Chespin,Grass,,56,61,65,48,45,38,6,0
Quilladin,Grass,,61,78,95,56,58,57,6,0
Chesnaught,Grass,Fighting,88,107,122,74,75,64,6,0
Fennekin,Fire,,40,45,40,62,60,60,6,0
Braixen,Fire,,59,59,58,90,70,73,6,0
Delphox,Fire,Psychic,75,69,72,114,100,104,6,0
Froakie,Water,,41,56,40,62,44,71,6,0
Frogadier,Water,,54,63,52,83,56,97,6,0
Greninja,Water,Dark,72,95,67,103,71,122,6,0
Bunnelby,Normal,,38,36,38,32,36,57,6,0
Diggersby,Normal,Ground,85,56,77,50,77,78,6,0
Fletchling,Normal,Flying,45,50,43,40,38,62,6,0
Fletchinder,Fire,Flying,62,73,55,56,52,84,6,0
Talonflame,Fire,Flying,78,81,71,74,69,126,6,0
Scatterbug,Bug,,38,35,40,27,25,35,6,0
Spewpa,Bug,,45,22,60,27,30,29,6,0
Vivillon,Bug,Flying,80,52,50,90,50,89,6,0
Litleo,Fire,Normal,62,50,58,73,54,72,6,0
Pyroar,Fire,Normal,86,68,72,109,66,106,6,0
Flabébé,Fairy,,44,38,39,61,79,42,6,0
Floette,Fairy,,54,45,47,75,98,52,6,0
Florges,Fairy,,78,65,68,112,154,75,6,0
Skiddo,Grass,,66,65,48,62,57,52,6,0
Gogoat,Grass,,123,100,62,97,81,68,6,0
Pancham,Fighting,,67,82,62,46,48,43,6,0
Pangoro,Fighting,Dark,95,124,78,69,71,58,6,0
Furfrou,Normal,,75,80,60,65,90,102,6,0
Espurr,Psychic,,62,48,54,63,60,68,6,0
MeowsticMale,Psychic,,74,48,76,83,81,104,6,0
MeowsticFemale,Psychic,,74,48,76,83,81,104,6,0
Honedge,Steel,Ghost,45,80,100,35,37,28,6,0
Doublade,Steel,Ghost,59,110,150,45,49,35,6,0
AegislashBlade Forme,Steel,Ghost,60,150,50,150,50,60,6,0
AegislashShield Forme,Steel,Ghost,60,50,150,50,150,60,6,0
Spritzee,Fairy,,78,52,60,63,65,23,6,0
Aromatisse,Fairy,,101,72,72,99,89,29,6,0
Swirlix,Fairy,,62,48,66,59,57,49,6,0
Slurpuff,Fairy,,82,80,86,85,75,72,6,0
Inkay,Dark,Psychic,53,54,53,37,46,45,6,0
Malamar,Dark,Psychic,86,92,88,68,75,73,6,0
Binacle,Rock,Water,42,52,67,39,56,50,6,0
Barbaracle,Rock,Water,72,105,115,54,86,68,6,0
Skrelp,Poison,Water,50,60,60,60,60,30,6,0
Dragalge,Poison,Dragon,65,75,90,97,123,44,6,0
Clauncher,Water,,50,53,62,58,63,44,6,0
Clawitzer,Water,,71,73,88,120,89,59,6,0
Helioptile,Electric,Normal,44,38,33,61,43,70,6,0
Heliolisk,Electric,Normal,62,55,52,109,94,109,6,0
Tyrunt,Rock,Dragon,58,89,77,45,45,48,6,0
Tyrantrum,Rock,Dragon,82,121,119,69,59,71,6,0
Amaura,Rock,Ice,77,59,50,67,63,46,6,0
Aurorus,Rock,Ice,123,77,72,99,92,58,6,0
Sylveon,Fairy,,95,65,65,110,130,60,6,0
Hawlucha,Fighting,Flying,78,92,75,74,63,118,6,0
Dedenne,Electric,Fairy,67,58,57,81,67,101,6,0
Carbink,Rock,Fairy,50,50,150,50,150,50,6,0
Goomy,Dragon,,45,50,35,55,75,40,6,0
Sliggoo,Dragon,,68,75,53,83,113,60,6,0
Goodra,Dragon,,90,100,70,110,150,80,6,0
Klefki,Steel,Fairy,57,80,91,80,87,75,6,0
Phantump,Ghost,Grass,43,70,48,50,60,38,6,0
Trevenant,Ghost,Grass,85,110,76,65,82,56,6,0
PumpkabooAverage Size,Ghost,Grass,49,66,70,44,55,51,6,0
PumpkabooSmall Size,Ghost,Grass,44,66,70,44,55,56,6,0
PumpkabooLarge Size,Ghost,Grass,54,66,70,44,55,46,6,0
PumpkabooSuper Size,Ghost,Grass,59,66,70,44,55,41,6,0
GourgeistAverage Size,Ghost,Grass,65,90,122,58,75,84,6,0
GourgeistSmall Size,Ghost,Grass,55,85,122,58,75,99,6,0
GourgeistLarge Size,Ghost,Grass,75,95,122,58,75,69,6,0
GourgeistSuper Size,Ghost,Grass,85,100,122,58,75,54,6,0
Bergmite,Ice,,55,69,85,32,35,28,6,0
Avalugg,Ice,,95,117,184,44,46,28,6,0
Noibat,Flying,Dragon,40,30,35,45,40,55,6,0
Noivern,Flying,Dragon,85,70,80,97,80,123,6,0
Xerneas,Fairy,,126,131,95,131,98,99,6,1
Yveltal,Dark,Flying,126,131,95,131,98,99,6,1
Zygarde50% Forme,Dragon,Ground,108,100,121,81,95,95,6,1
Diancie,Rock,Fairy,50,100,150,100,150,50,6,1
DiancieMega Diancie,Rock,Fairy,50,160,110,160,110,110,6,1
HoopaHoopa Confined,Psychic,Ghost,80,110,60,150,130,70,6,1
HoopaHoopa Unbound,Psychic,Dark,80,160,60,170,130,80,6,1
Volcanion,Fire,Water,80,110,120,130,90,70,6,1
Rowlet,grass,flying,68,55,55,50,50,42,7,0
Dartrix,grass,flying,78,75,75,70,70,52,7,0
Decidueye,grass,ghost,78,107,75,100,100,70,7,0
Litten,fire,,45,65,40,60,40,70,7,0
Torracat,fire,,65,85,50,80,50,90,7,0
Incineroar,fire,dark,95,115,90,80,90,60,7,0
Popplio,water,,50,54,54,66,56,40,7,0
Brionne,water,,60,69,69,91,81,50,7,0
Primarina,water,fairy,80,74,74,126,116,60,7,0
Pikipek,normal,flying,35,75,30,30,30,65,7,0
Trumbeak,normal,flying,55,85,50,40,50,75,7,0
Toucannon,normal,flying,80,120,75,75,75,60,7,0
Yungoos,normal,,48,70,30,30,30,45,7,0
Gumshoos,normal,,88,110,60,55,60,45,7,0
Grubbin,bug,,47,62,45,55,45,46,7,0
Charjabug,bug,electric,57,82,95,55,75,36,7,0
Vikavolt,bug,electric,77,70,90,145,75,43,7,0
Crabrawler,fighting,,47,82,57,42,47,63,7,0
Crabominable,fighting,ice,97,132,77,62,67,43,7,0
Oricorio,fire,flying,75,70,70,98,70,93,7,0
Cutiefly,bug,fairy,40,45,40,55,40,84,7,0
Ribombee,bug,fairy,60,55,60,95,70,124,7,0
Rockruff,rock,,45,65,40,30,40,60,7,0
Lycanroc,rock,,85,115,75,55,75,82,7,0
Wishiwashi,water,,45,140,130,140,135,30,7,0
Mareanie,poison,water,50,53,62,43,52,45,7,0
Toxapex,poison,water,50,63,152,53,142,35,7,0
Mudbray,ground,,70,100,70,45,55,45,7,0
Mudsdale,ground,,100,125,100,55,85,35,7,0
Dewpider,water,bug,38,40,52,40,72,27,7,0
Araquanid,water,bug,68,70,92,50,132,42,7,0
Fomantis,grass,,40,55,35,50,35,35,7,0
Lurantis,grass,,70,105,90,80,90,45,7,0
Morelull,grass,fairy,40,35,55,65,75,15,7,0
Shiinotic,grass,fairy,60,45,80,90,100,30,7,0
Salandit,poison,fire,48,44,40,71,40,77,7,0
Salazzle,poison,fire,68,64,60,111,60,117,7,0
Stufful,normal,fighting,70,75,50,45,50,50,7,0
Bewear,normal,fighting,120,125,80,55,60,60,7,0
Bounsweet,grass,,42,30,38,30,38,32,7,0
Steenee,grass,,52,40,48,40,48,62,7,0
Tsareena,grass,,72,120,98,50,98,72,7,0
Comfey,fairy,,51,52,90,82,110,100,7,0
Oranguru,normal,psychic,90,60,80,90,110,60,7,0
Passimian,fighting,,100,120,90,40,60,80,7,0
Wimpod,bug,water,25,35,40,20,30,80,7,0
Golisopod,bug,water,75,125,140,60,90,40,7,0
Sandygast,ghost,ground,55,55,80,70,45,15,7,0
Palossand,ghost,ground,85,75,110,100,75,35,7,0
Pyukumuku,water,,55,60,130,30,130,5,7,0
Type: Null,normal,,95,95,95,95,95,59,7,0
Silvally,normal,,95,95,95,95,95,95,7,0
Minior,rock,flying,60,100,60,100,60,120,7,0
Komala,normal,,65,115,65,75,95,65,7,0
Turtonator,fire,dragon,60,78,135,91,85,36,7,0
Togedemaru,electric,steel,65,98,63,40,73,96,7,0
Mimikyu,ghost,fairy,55,90,80,50,105,96,7,0
Bruxish,water,psychic,68,105,70,70,70,92,7,0
Drampa,normal,dragon,78,60,85,135,91,36,7,0
Dhelmise,ghost,grass,70,131,100,86,90,40,7,0
Jangmo-o,dragon,,45,55,65,45,45,45,7,0
Hakamo-o,dragon,fighting,55,75,90,65,70,65,7,0
Kommo-o,dragon,fighting,75,110,125,100,105,85,7,0
Tapu Koko,electric,fairy,70,115,85,95,75,130,7,1
Tapu Lele,psychic,fairy,70,85,75,130,115,95,7,1
Tapu Bulu,grass,fairy,70,130,115,85,95,75,7,1
Tapu Fini,water,fairy,70,75,115,95,130,85,7,1
Cosmog,psychic,,43,29,31,29,31,37,7,1
Cosmoem,psychic,,43,29,131,29,131,37,7,1
Solgaleo,psychic,steel,137,137,107,113,89,97,7,1
Lunala,psychic,ghost,137,113,89,137,107,97,7,1
Nihilego,rock,poison,109,53,47,127,131,103,7,1
Buzzwole,bug,fighting,107,139,139,53,53,79,7,1
Pheromosa,bug,fighting,71,137,37,137,37,151,7,1
Xurkitree,electric,,83,89,71,173,71,83,7,1
Celesteela,steel,flying,97,101,103,107,101,61,7,1
Kartana,grass,steel,59,181,131,59,31,109,7,1
Guzzlord,dark,dragon,223,101,53,97,53,43,7,1
Necrozma,psychic,,97,107,101,127,89,79,7,1
Magearna,steel,fairy,80,95,115,130,115,65,7,1
